DATA,VALOR,DESCRIÇÃO,CATEGORIA,OPERAÇÃO,MOVIMENTAÇÃO,ARCHIVE
28/05/2024,139,Pedro Camara-54.631.807/0001-51-DOCK IP S.A. (0301) Agência: 1 Conta: 18325874-3,Transferência Entre Contas,Transferência Pix Recebida,Receita,Extrato NUPJ 05-2024
29/05/2024,-110,PEDRO CABRERA GALINDO FILHO             -•••.595.308-••-BCO BRADESCO S.A. (0237) Agência: 13 Conta: 64851-5,Estacionamento,Pix,Despesa,Extrato NUPJ 05-2024
29/05/2024,"347,93",Pedro Camara-54.631.807/0001-51-DOCK IP S.A. (0301) Agência: 1 Conta: 18325874-3,Transferência Entre Contas,Transferência Pix Recebida,Receita,Extrato NUPJ 05-2024
30/05/2024,-215,Bar do Luizao,Bar/Bebidas,Cartão Débito,Despesa,Extrato NUPJ 05-2024
31/05/2024,"-16,5",Caf Com Flores,Ifood/Restaurante,Cartão Débito,Despesa,Extrato NUPJ 05-2024
31/05/2024,-87,Luciana Barbosa Camara-•••.793.226-••-BCO BRADESCO S.A. (0237) Agência: 989 Conta: 16425-9,Dívidas,Pix,Despesa,Extrato NUPJ 05-2024
31/05/2024,-13,Thales Moreira Luiz Jafar-•••.163.096-••-BCO SANTANDER (BRASIL) S.A. (0033) Agência: 3007 Conta: 2018070-2,Bar/Bebidas,Pix,Despesa,Extrato NUPJ 05-2024
31/05/2024,"-7,75",Drogaria Fabiana,Saúde,Cartão Débito,Despesa,Extrato NUPJ 05-2024
31/05/2024,"78,53",Pedro Lucas Silva Câmara-•••.039.616-••-NU PAGAMENTOS-IP (0260) Agência: 1 Conta: 52838456-4,Transferência Entre Contas,Transferência Recebida,Receita,Extrato NUPJ 05-2024
31/05/2024,-22,Pag*Zig,Bar/Bebidas,Cartão Débito,Despesa,Extrato NUPJ 05-2024
31/05/2024,-14,JERRY DOMINGOS GONCALVES-•••.219.676-••-CAIXA ECONOMICA FEDERAL (0104) Agência: 1422 Conta: 1288000000766316007-0,Bar/Bebidas,Pix,Despesa,Extrato NUPJ 05-2024
01/06/2024,-46,Gabriel Hilbert Antunes-•••.625.906-••-BANCO INTER (0077) Agência: 1 Conta: 11980460-3,Bar/Bebidas,Pix,Despesa,Extrato NUPJ 06-2024
01/06/2024,-10,Ana Carolina Silva Matos-•••.492.876-••-BANCO INTER (0077) Agência: 1 Conta: 11555180-8,Rifa,Pix,Despesa,Extrato NUPJ 06-2024
02/06/2024,"-0,5",Posto Carmenia S.A,Combustível,Cartão Débito,Despesa,Extrato NUPJ 06-2024
07/06/2024,"-23,71",Pedro Lucas Silva Câmara-•••.039.616-••-Nubank (0260) Agência: 1 Conta: 52838456-4,Transferência Entre Contas,Pix,Despesa,Extrato NUPJ 06-2024
17/06/2024,"2490,1",Pedro Camara-54.631.807/0001-51-DOCK IP S.A. (0301) Agência: 1 Conta: 18325874-3,Transferência Entre Contas,Transferência Pix Recebida,Receita,Extrato NUPJ 06-2024
17/06/2024,"-43,9",TELEFONICA BRASIL S A -02.558.157/0001-62-BCO SANTANDER (BRASIL) S.A. (0033) Agência: 2271 Conta: 13002745-8,VIVO,Pix,Despesa,Extrato NUPJ 06-2024
17/06/2024,"-64,5",HENRIQUE BRAZ MAIMONI -29.065.910/0001-34-MERCADO PAGO IP LTDA. (0323) Agência: 1 Conta: 9425695393-1,Reembolso,Pix,Despesa,Extrato NUPJ 06-2024
17/06/2024,"-75,6",SECRETARIA DA RECEITA FEDERAL DO BRASIL-00.394.460/0058-87-BCO DO BRASIL S.A. (0001) Agência: 1607 Conta: 333666-2,Taxas/Imposto,Pix,Despesa,Extrato NUPJ 06-2024
17/06/2024,-97,Fernanda Caroline Freitas de Oliveira-•••.017.746-••-NU PAGAMENTOS-IP (0260) Agência: 1 Conta: 27676274-8,Lazer,Pix,Despesa,Extrato NUPJ 06-2024
17/06/2024,"-20,05",Luciana Barbosa Camara-•••.793.226-••-BCO BRADESCO S.A. (0237) Agência: 989 Conta: 16425-9,Dívidas,Pix,Despesa,Extrato NUPJ 06-2024
18/06/2024,"-2,5",EMPRESA MUNIC DE DESENVOLVIMENTO URBANO RURAL DE BAURU-50.778.851/0001-38-BCO DO BRASIL S.A. (0001) Agência: 6919 Conta: 106107-0,Estacionamento,Pix,Despesa,Extrato NUPJ 06-2024
19/06/2024,"-102,34",BUSER BRASIL TECNOLOGIA LTDA-29.365.880/0001-81-MERCADO PAGO IP LTDA. (0323) Agência: 1 Conta: 9599809528-0,Transporte,Pix,Despesa,Extrato NUPJ 06-2024
20/06/2024,-60,PEDRO CABRERA GALINDO FILHO             -•••.595.308-••-BCO BRADESCO S.A. (0237) Agência: 13 Conta: 64851-5,Estacionamento,Pix,Despesa,Extrato NUPJ 06-2024
20/06/2024,-252,LUCIANA BARBOSA CAMARA                  -•••.793.226-••-BCO BRADESCO S.A. (0237) Agência: 989 Conta: 16425-9,Dívidas,Pix,Despesa,Extrato NUPJ 06-2024
21/06/2024,"-248,15",TRIBUNAL DA JUSTICA DO ESTADO DE MINAS GERAIS-21.154.554/0001-13-BCO DO BRASIL S.A. (0001) Agência: 1615 Conta: 212000-3,Taxas/Imposto,Pix,Despesa,Extrato NUPJ 06-2024
21/06/2024,"-1284,26",Pedro Lucas Silva Câmara-•••.039.616-••-NU PAGAMENTOS-IP (0260) Agência: 1 Conta: 52838456-4,Transferência Entre Contas,Pix,Despesa,Extrato NUPJ 06-2024
21/06/2024,"-13,5",Pag*Xuxubebidas,Bar/Bebidas,Cartão Débito,Despesa,Extrato NUPJ 06-2024
21/06/2024,"-29,94",Uber *Uber *Trip,Transporte,Cartão Débito,Despesa,Extrato NUPJ 06-2024
21/06/2024,"29,94",,Crédito em Conta,Saque Porquinho Nubank,Receita,Extrato NUPJ 06-2024
21/06/2024,"-32,96",Uber *Uber *Trip,Transporte,Cartão Débito,Despesa,Extrato NUPJ 06-2024
21/06/2024,"-59,9",Bk Brasil Operacao Ass,Ifood/Restaurante,Cartão Débito,Despesa,Extrato NUPJ 06-2024
22/06/2024,-11,Point Beer Betania,Bar/Bebidas,Cartão Débito,Despesa,Extrato NUPJ 06-2024
22/06/2024,"-13,96",Uber *Uber *Trip,Transporte,Cartão Débito,Despesa,Extrato NUPJ 06-2024
22/06/2024,"13,96",,Crédito em Conta,Saque Porquinho Nubank,Receita,Extrato NUPJ 06-2024
22/06/2024,"-11,99",Uber *Uber *Trip,Transporte,Cartão Débito,Despesa,Extrato NUPJ 06-2024
23/06/2024,"-27,2",Gege Hot Dog,Ifood/Restaurante,Cartão Débito,Despesa,Extrato NUPJ 06-2024
24/06/2024,-25,Gabriel Soares Souza-•••.904.956-••-NU PAGAMENTOS-IP (0260) Agência: 1 Conta: 87106678-0,Bar/Bebidas,Pix,Despesa,Extrato NUPJ 06-2024
24/06/2024,"-5,06",Uber *Uber *Trip,Transporte,Cartão Débito,Despesa,Extrato NUPJ 06-2024
24/06/2024,"-12,7",Uber *Uber *Trip,Transporte,Cartão Débito,Despesa,Extrato NUPJ 06-2024
24/06/2024,"5,06",,Crédito em Conta,Saque Porquinho Nubank,Receita,Extrato NUPJ 06-2024
24/06/2024,-6,155 Hotel,Bar/Bebidas,Cartão Débito,Despesa,Extrato NUPJ 06-2024
25/06/2024,"-15,71",Uber *Uber *Trip,Transporte,Cartão Débito,Despesa,Extrato NUPJ 06-2024
27/06/2024,"194,71",Pedro Camara-54.631.807/0001-51-DOCK IP S.A. (0301) Agência: 1 Conta: 18325874-3,Transferência Entre Contas,Transferência Pix Recebida,Receita,Extrato NUPJ 06-2024
27/06/2024,"-178,53",Luciana Barbosa Camara-•••.793.226-••-BCO BRADESCO S.A. (0237) Agência: 989 Conta: 16425-9,Dívidas,Pix,Despesa,Extrato NUPJ 06-2024
29/06/2024,-30,Pedro Lucas Silva Câmara-•••.039.616-••-NU PAGAMENTOS-IP (0260) Agência: 1 Conta: 52838456-4,Transferência Entre Contas,Pix,Despesa,Extrato NUPJ 06-2024
04/07/2024,-3,Pag*Autoparquedo,Estacionamento,Cartão Débito,Despesa,NU_PJ_01JUL2024_10JUL2024
04/07/2024,-3,Pag*Autoparquedo,Estacionamento,Cartão Débito,Despesa,NU_PJ_01JUL2024_10JUL2024
